"91.92.70.129:1080","BG"
"195.211.147.134:23552","UA"
"46.151.197.254:8080","UA"
"88.202.177.242:1085","NL"
"188.165.4.108:17923","FR"
"164.132.135.183:15909","FR"
"54.36.246.232:11380","FR"
"104.238.215.49:1080","US"
"165.22.17.195:5110","DE"
"188.166.104.152:27208","NL"
"91.229.123.191:1081","UA"
"151.106.34.139:1080","FR"
"141.98.134.2:1080","US"
"192.252.215.5:16137","CA"
"213.136.89.190:56844","DE"
"173.219.43.147:62976","US"
"192.252.209.155:14455","CA"
"8.136.133.88:22001","SG"
"77.235.57.70:45718","CY"
"104.248.100.232:30128","DE"
"85.90.163.216:2021","HU"
"8.140.23.15:22001","SG"
"104.238.215.49:1081","US"
"103.245.210.153:1080","HK"
"178.165.44.122:1080","UA"
"188.166.104.152:35221","NL"
"45.32.115.155:22236","SG"
"113.160.188.21:1080","VN"
"103.193.125.220:1080","HK"
"8.140.31.123:22001","SG"
"181.3.91.162:1080","AR"
"181.3.109.91:1080","BR"
"103.21.163.76:6667","IN"
"45.32.115.155:56626","SG"
"186.126.100.30:1080","CL"
"104.238.212.43:1081","US"
"213.136.89.190:52010","DE"
"111.199.193.192:23456","US"
"104.238.111.218:24076","US"
"114.216.67.166:1080","US"
"181.102.5.157:1080","AR"
"181.3.161.116:1080","AR"
"184.178.172.18:15280","US"
"181.101.112.146:1080","AR"
"181.5.210.164:1080","AR"
"181.3.126.242:1080","BR"
"186.152.95.72:1080","BR"
"181.3.95.77:1080","AR"
"186.126.82.124:1080","AR"
"8.136.132.212:22001","SG"
"186.126.57.9:1080","AR"
"186.126.83.233:1080","CL"
"181.6.200.145:1080","BR"
"150.129.201.30:6667","IN"
"181.3.164.132:1080","AR"
"181.6.67.188:1080","AR"
"181.3.117.54:1080","BR"
"186.126.85.175:1080","AR"
"165.22.220.151:45690","IN"
"192.111.135.18:18301","US"
"210.16.73.82:1080","PH"
"164.68.107.231:35390","DE"
"181.0.24.64:1080","US"
"166.111.83.194:4781","US"
"115.233.222.244:1080","SG"
"113.87.88.181:1081","TW"
"186.126.89.157:1080","AR"
"198.8.94.170:39074","US"
"43.224.10.43:6667","IN"
"181.3.99.88:1080","US"
"202.38.81.37:7079","US"
"62.210.12.8:42379","FR"
"181.3.184.210:1080","CA"
"181.101.110.41:1080","AR"
"181.5.199.105:1080","US"
"181.3.172.111:1080","US"
"186.152.50.60:1080","AR"
"188.165.4.108:44275","FR"
"181.3.129.88:1080","AR"
"186.126.61.68:1080","AR"
"95.216.176.163:1089","FI"
"181.102.138.160:1080","US"
"181.3.81.15:1080","BR"
"186.126.91.78:1080","BR"
"181.6.123.108:1080","AR"
"181.101.42.153:1080","AR"
"72.210.252.134:46164","US"
"181.101.115.211:1080","AR"
"104.248.0.141:57391","US"
"150.129.151.83:6667","IN"
"198.27.108.198:8020","CA"
"104.248.0.141:57582","US"
"188.166.104.152:31871","NL"
"49.64.152.236:1088","ZA"
"181.101.82.117:1080","BR"
"181.3.192.69:1080","AR"
"186.126.97.117:1080","AR"
"39.98.127.97:1080","TW"
"181.102.86.126:1080","BR"
"69.163.161.252:14290","US"
"45.55.236.186:61204","US"
"181.102.18.41:1080","AR"
"54.38.157.22:9999","DE"
"140.82.3.116:1080","US"
"8.136.11.99:22001","SG"
"181.102.46.251:1080","AR"
"103.85.232.146:1080","BD"
"113.87.89.254:1081","JP"
"139.59.191.13:1080","GB"
"27.116.51.181:6667","IN"
"181.3.100.119:1080","US"
"104.238.212.43:1080","US"
"206.189.158.28:11007","SG"
"91.229.123.191:1080","UA"
"192.252.214.20:15864","CA"
"181.102.40.235:1080","BR"
"69.163.162.204:14290","US"
"176.9.160.118:22836","DE"
"181.5.203.159:1080","AR"
"186.126.71.254:1080","AR"
"181.3.179.132:1080","CA"
"206.189.158.28:7905","SG"
"164.68.107.231:34716","DE"
"175.213.81.31:1080","KR"
"181.3.33.7:1080","CL"
"181.3.120.32:1080","BR"
"181.3.42.45:1080","AR"
"186.152.141.62:1080","AR"
"62.210.12.8:22637","FR"
"192.111.130.5:17002","CA"
"181.3.170.243:1080","BR"
"186.126.78.24:1080","AR"
"181.3.49.193:1080","AR"
"139.99.104.233:50487","SG"
"31.25.243.40:9425","RU"
"43.224.10.31:6667","IN"
"178.33.35.127:55396","FR"
"181.102.140.40:1080","AR"
"181.102.165.160:1080","BR"
"181.3.56.189:1080","AR"
"188.166.104.152:29710","NL"
"192.252.208.67:14287","CA"
"165.22.220.151:54052","IN"
"5.226.69.12:46975","PL"
"206.189.158.28:7476","SG"
"3.141.246.89:2080","US"
"43.224.10.46:6667","IN"
"104.238.111.167:53308","US"
"181.3.114.222:1080","AR"
"139.99.104.233:15140","SG"
"181.3.144.185:1080","AR"
"181.5.213.203:8000","BR"
"78.46.73.85:20685","DE"
"206.189.231.206:37915","US"
"181.0.20.45:1080","AR"
"181.3.65.209:1080","BR"
"192.210.231.70:48545","US"
"181.3.57.131:1080","BR"
"178.32.47.218:50939","FR"
"181.3.85.105:1080","AR"
"181.3.40.179:1080","AR"
"174.138.63.71:40809","US"
"181.5.211.250:1080","AR"
"103.216.82.37:6667","IN"
"165.22.220.151:44381","IN"
"173.212.201.250:33464","DE"
"192.111.139.165:19402","US"
"174.138.63.71:59444","US"
"184.178.172.5:15303","US"
"165.22.220.151:33318","IN"
"106.15.230.191:1080","HK"
"31.25.243.40:9334","RU"
"181.3.120.7:1080","AR"
"186.126.61.195:1080","AR"
"181.5.218.247:1080","BR"
"188.166.28.109:22134","NL"
"186.126.16.76:1080","BR"
"186.126.32.22:1080","BR"
"98.162.25.29:31679","US"
"174.138.63.71:19212","US"
"181.3.194.179:1080","AR"
"159.203.42.128:47524","CA"
"186.126.109.201:1080","CA"
"186.126.95.106:1080","AR"
"188.166.91.35:23330","NL"
"103.216.82.20:6667","IN"
"27.116.51.186:6667","IN"
"184.178.172.13:15311","US"
"159.203.42.128:54144","CA"
"181.3.18.53:1080","AR"
"78.46.73.85:27566","DE"
"5.226.69.12:42717","PL"
"69.163.160.36:14290","US"
"181.3.86.50:1080","BR"
"64.227.5.189:19123","US"
"119.28.82.151:12345","HK"
"181.3.118.15:1080","BR"
"192.111.137.35:4145","US"
"186.126.34.18:1080","AR"
"186.126.74.246:1080","BR"
"175.10.40.6:1080","EE"
"173.236.185.177:29507","US"
"165.22.231.89:10688","CA"
"186.126.87.193:1080","CL"
"181.3.120.26:1080","BR"
"181.101.3.170:1080","BR"
"186.126.77.58:1080","CA"
"213.136.89.190:51808","DE"
"186.152.35.32:1080","AR"
"69.163.167.160:14290","US"
"122.6.0.12:1080","US"
"181.3.138.153:1080","BR"
"206.189.158.28:15615","SG"
"181.0.12.250:1080","BR"
"206.189.158.28:32703","SG"
"206.189.158.28:44880","SG"
"181.101.92.80:1080","BR"
"186.126.110.40:1080","AR"
"181.6.125.183:1080","AR"
"181.6.167.177:1080","AR"
"84.22.137.26:9025","RU"
"161.35.137.49:28005","US"
"119.28.81.177:12345","HK"
"199.188.92.111:9000","US"
"192.111.137.37:18762","US"
"178.33.35.127:3539","FR"
"144.217.104.16:45277","US"
"181.3.106.181:1080","AR"
"181.3.119.132:1080","AR"
"95.217.27.5:2223","DE"
"181.101.2.40:1080","AR"
"181.101.9.128:1080","BR"
"103.209.64.19:6667","IN"
"186.126.8.181:1080","AR"
"72.49.49.11:31034","US"
"36.150.108.65:1080","SG"
"181.101.103.139:1080","AR"
"43.224.10.27:6667","IN"
"74.208.101.185:44614","US"
"181.82.238.11:1080","AR"
"184.178.172.28:15294","US"
"181.3.103.9:1080","AR"
"188.165.4.108:15909","FR"
"181.3.193.56:1080","CA"
"186.126.115.132:1080","CL"
"178.62.136.189:51423","NL"
"181.101.24.249:1080","AR"
"150.129.151.62:6667","IN"
"186.126.15.172:1080","BR"
"119.28.81.177:45029","HK"
"51.79.145.154:1080","SG"
"95.217.132.133:3508","US"
"181.3.194.175:1080","CL"
"186.152.98.32:1080","AR"
"192.169.201.24:51100","US"
"150.109.148.234:1234","HK"
"181.3.139.91:1080","AR"
"69.61.200.104:36181","US"
"181.0.26.61:1080","BR"
"103.113.149.212:1080","BD"
"181.101.81.29:1080","AR"
"186.152.128.111:1080","US"
"206.189.158.28:47419","SG"
"186.126.65.135:1080","BR"
"69.163.251.72:50277","US"
"64.34.217.33:40741","US"
"181.3.87.212:1080","AR"
"181.102.89.19:1080","AR"
"206.189.158.28:53176","SG"
"186.152.128.130:1080","BR"
"186.152.26.195:1080","BR"
"181.5.216.47:1080","CA"
"181.102.48.78:1080","AR"
"181.101.101.21:1080","BR"
"212.129.4.87:46713","FR"
"186.126.34.76:1080","AR"
"51.254.110.82:41422","FR"
"5.226.69.12:50477","PL"
"104.248.0.141:23668","US"
"181.6.195.145:1080","AR"
"181.3.190.245:1080","AR"
"213.136.89.190:4374","DE"
"69.163.162.119:14290","US"
"43.224.10.11:6667","IN"
"103.44.22.219:1080","HK"
"192.210.231.72:52761","US"
"174.138.63.71:52075","US"
"181.3.85.103:1080","AR"
"219.145.2.28:1081","HK"
"210.16.73.85:1080","PH"
"74.208.101.158:44614","US"
"181.101.27.201:1080","BR"
"103.237.146.56:5678","BR"
"186.152.110.124:1080","AR"
"181.3.172.132:1080","US"
"66.42.224.229:41679","US"
"208.102.51.6:58208","US"
"181.102.14.31:1080","BR"
"181.3.63.159:1080","US"
"173.212.201.250:54349","DE"
"192.210.231.73:40130","US"
"174.138.63.71:39553","US"
"78.46.200.13:22039","DE"
"181.3.122.119:1080","CL"
"69.163.161.95:14290","US"
"192.169.201.24:7495","US"
"78.46.73.85:11506","DE"
"181.3.124.91:1080","BR"
"69.163.166.74:14290","US"
"213.136.89.190:34843","DE"
"137.74.153.106:1080","FR"
"139.99.104.233:5279","SG"
"181.101.10.104:1080","AR"
"45.149.76.184:9051","ES"
"103.240.161.109:6667","IN"
"103.241.227.106:6667","IN"
"181.101.10.29:1080","AR"
"186.152.100.168:1080","AR"
"186.126.20.127:1080","CA"
"181.3.160.185:1080","AR"
"70.185.68.133:4145","US"
"181.3.138.3:1080","AR"
"181.102.162.112:1080","BR"
"210.16.73.84:1080","PH"
"46.101.56.138:18109","GB"
"210.16.73.81:1080","PH"
"43.224.10.26:6667","IN"
"188.166.104.152:43330","NL"
"117.62.175.77:10801","US"
"181.101.4.42:1080","BR"
"31.25.243.40:9294","RU"
"206.189.99.166:1080","NL"
"103.109.58.85:8772","BD"
"186.126.81.17:1080","AR"
"31.25.243.40:9210","RU"
"8.136.130.79:22001","SG"
"114.218.49.125:1080","HK"
"206.189.158.28:48751","SG"
"8.136.6.113:22001","SG"
"186.126.92.190:1080","BR"
"186.126.42.213:1080","AR"
"74.208.101.146:44614","US"
"186.126.88.98:1080","AR"
"206.189.158.28:48500","SG"
"181.5.218.121:1080","AR"
"181.3.58.109:1080","AR"
"45.252.248.147:47126","VN"
"181.3.30.218:1080","AR"
"165.227.177.113:34679","US"
"181.6.188.95:1080","BR"
"142.93.247.244:9050","ES"
"104.238.97.215:35895","US"
"64.34.216.68:40741","US"
"188.166.104.152:6683","NL"
"181.101.97.236:1080","AR"
"213.136.89.190:40393","DE"
"181.5.224.178:1080","BR"
"186.126.57.1:1080","AR"
"31.25.243.40:9295","RU"
"213.136.89.190:5136","DE"
"74.208.101.167:44614","US"
"181.3.91.222:1080","AR"
"115.238.101.39:9053","CN"
"115.238.101.40:9053","CN"
"36.158.255.6:1080","CN"
"106.122.194.106:3000","CN"
"111.1.36.132:9053","CN"
"111.1.36.135:9053","CN"
"220.248.188.75:17211","CN"
"125.87.91.48:57114","CN"
"125.87.85.242:57114","CN"
"113.76.226.166:4216","CN"
"219.159.186.247:1080","CN"
"103.224.103.116:1080","ID"
"113.121.242.53:57114","CN"
"47.105.127.53:1080","CN"
"36.27.223.80:37083","CN"
"110.90.221.38:57114","CN"
"111.1.36.134:9053","CN"
"111.1.36.133:9053","CN"
"47.115.42.157:8044","CN"
"36.89.86.49:56845","ID"
"47.92.33.145:1080","CN"
"122.152.219.54:57164","CN"
"123.56.89.191:1081","CN"
"115.238.101.41:9053","CN"
"121.206.205.72:3000","CN"
"202.107.233.123:3009","CN"
"134.175.90.111:8889","CN"
"60.163.207.245:3000","CN"
"110.90.223.5:57114","CN"
"119.136.91.54:31164","CN"
"3.131.207.170:11098","CN"
"119.136.91.54:32768","CN"
"222.129.38.235:57114","CN"
"42.193.148.214:1080","CN"
"111.207.178.233:12080","CN"
"125.87.88.42:57114","CN"
"221.176.85.227:1080","CN"
"221.176.85.226:1080","CN"
"119.136.91.54:23500","CN"
"119.136.91.54:22090","CN"
"122.152.219.54:1749","CN"
"47.101.195.97:3129","CN"
"111.207.178.232:12080","CN"